,func,ncalls,tottime,percall_tottime,cumtime,percall_cumtime,file_name,line_number
0,generate_minimum_curvature_path,1,0.006,0.006,4.234,4.234,/home/m810z573/Downloads/f1tenth_benchmarks/f1tenth_benchmarks/classic_racing/RaceTrackGenerator.py,70
1,opt_min_curv,1,2.137,2.137,2.974,2.974,/home/m810z573/Downloads/f1tenth_benchmarks/trajectory_planning_helpers/trajectory_planning_helpers/opt_min_curv.py,8
3,calc_splines,2,0.02,0.01,1.184,0.592,/home/m810z573/Downloads/f1tenth_benchmarks/trajectory_planning_helpers/trajectory_planning_helpers/calc_splines.py,5
4,solve,4,1.163,0.291,1.163,0.291,/home/m810z573/Downloads/f1tenth_benchmarks/venv/lib/python3.9/site-packages/numpy/linalg/linalg.py,306
5,inv,5,0.827,0.165,0.827,0.165,/home/m810z573/Downloads/f1tenth_benchmarks/venv/lib/python3.9/site-packages/numpy/linalg/linalg.py,469
6,create_raceline,1,0.0,0.0,0.645,0.645,/home/m810z573/Downloads/f1tenth_benchmarks/trajectory_planning_helpers/trajectory_planning_helpers/create_raceline.py,5
8,plot_raceline_trajectory,1,0.0,0.0,0.388,0.388,/home/m810z573/Downloads/f1tenth_benchmarks/f1tenth_benchmarks/data_tools/specific_plotting/plot_racelines.py,37
10,draw_wrapper,266/4,0.001,0.0,0.281,0.07,/home/m810z573/Downloads/f1tenth_benchmarks/venv/lib/python3.9/site-packages/matplotlib/artist.py,32
12,_draw_list_compositing_images,10/4,0.0,0.0,0.278,0.069,/home/m810z573/Downloads/f1tenth_benchmarks/venv/lib/python3.9/site-packages/matplotlib/image.py,114
9,savefig,2,0.0,0.0,0.252,0.126,/home/m810z573/Downloads/f1tenth_benchmarks/venv/lib/python3.9/site-packages/matplotlib/figure.py,2923
14,print_figure,2,0.0,0.0,0.252,0.126,/home/m810z573/Downloads/f1tenth_benchmarks/venv/lib/python3.9/site-packages/matplotlib/backend_bases.py,2192
15,print_svg,2,0.0,0.0,0.251,0.125,/home/m810z573/Downloads/f1tenth_benchmarks/venv/lib/python3.9/site-packages/matplotlib/backends/backend_svg.py,1285
16,draw_path_collection,2,0.005,0.002,0.201,0.101,/home/m810z573/Downloads/f1tenth_benchmarks/venv/lib/python3.9/site-packages/matplotlib/backend_bases.py,222
18,cla,6,0.0,0.0,0.117,0.019,/home/m810z573/Downloads/f1tenth_benchmarks/venv/lib/python3.9/site-packages/matplotlib/axes/_base.py,1183
19,plot_minimum_curvature_path,1,0.0,0.0,0.087,0.087,/home/m810z573/Downloads/f1tenth_benchmarks/f1tenth_benchmarks/data_tools/specific_plotting/plot_racelines.py,19
20,clf,2,0.0,0.0,0.086,0.043,/home/m810z573/Downloads/f1tenth_benchmarks/venv/lib/python3.9/site-packages/matplotlib/pyplot.py,956
24,reset_ticks,78/66,0.001,0.0,0.07,0.001,/home/m810z573/Downloads/f1tenth_benchmarks/venv/lib/python3.9/site-packages/matplotlib/axis.py,830
25,_iter_collection,1576,0.015,0.0,0.048,0.0,/home/m810z573/Downloads/f1tenth_benchmarks/venv/lib/python3.9/site-packages/matplotlib/backend_bases.py,368
27,add_subplot,3,0.0,0.0,0.045,0.015,/home/m810z573/Downloads/f1tenth_benchmarks/venv/lib/python3.9/site-packages/matplotlib/figure.py,646
26,_get_tick,33/21,0.0,0.0,0.038,0.002,/home/m810z573/Downloads/f1tenth_benchmarks/venv/lib/python3.9/site-packages/matplotlib/axis.py,2052
28,calc_spline_lengths,1,0.022,0.022,0.037,0.037,/home/m810z573/Downloads/f1tenth_benchmarks/trajectory_planning_helpers/trajectory_planning_helpers/calc_spline_lengths.py,5
29,draw_idle,2,0.0,0.0,0.036,0.018,/home/m810z573/Downloads/f1tenth_benchmarks/venv/lib/python3.9/site-packages/matplotlib/backend_bases.py,2045
30,_make_flip_transform,1609,0.003,0.0,0.034,0.0,/home/m810z573/Downloads/f1tenth_benchmarks/venv/lib/python3.9/site-packages/matplotlib/backends/backend_svg.py,460
33,_get_style,1609,0.001,0.0,0.034,0.0,/home/m810z573/Downloads/f1tenth_benchmarks/venv/lib/python3.9/site-packages/matplotlib/backends/backend_svg.py,581
34,get_spine_transform,316/196,0.001,0.0,0.032,0.0,/home/m810z573/Downloads/f1tenth_benchmarks/venv/lib/python3.9/site-packages/matplotlib/spines.py,330
35,_ensure_position_is_set,316/196,0.0,0.0,0.031,0.0,/home/m810z573/Downloads/f1tenth_benchmarks/venv/lib/python3.9/site-packages/matplotlib/spines.py,200
37,gca,19,0.0,0.0,0.03,0.002,/home/m810z573/Downloads/f1tenth_benchmarks/venv/lib/python3.9/site-packages/matplotlib/figure.py,1539
40,_convert_path,1633,0.002,0.0,0.03,0.0,/home/m810z573/Downloads/f1tenth_benchmarks/venv/lib/python3.9/site-packages/matplotlib/backends/backend_svg.py,646
39,tight_layout,2,0.0,0.0,0.03,0.015,/home/m810z573/Downloads/f1tenth_benchmarks/venv/lib/python3.9/site-packages/matplotlib/figure.py,3189
38,set_foreground,1724,0.002,0.0,0.03,0.0,/home/m810z573/Downloads/f1tenth_benchmarks/venv/lib/python3.9/site-packages/matplotlib/backend_bases.py,935
42,generate_velocity_profile,1,0.0,0.0,0.029,0.029,/home/m810z573/Downloads/f1tenth_benchmarks/f1tenth_benchmarks/classic_racing/RaceTrackGenerator.py,85
41,element,1680,0.003,0.0,0.029,0.0,/home/m810z573/Downloads/f1tenth_benchmarks/venv/lib/python3.9/site-packages/matplotlib/backends/backend_svg.py,236
43,get_tight_layout_figure,2,0.0,0.0,0.028,0.014,/home/m810z573/Downloads/f1tenth_benchmarks/venv/lib/python3.9/site-packages/matplotlib/tight_layout.py,251
44,_cbar_cla,1,0.0,0.0,0.028,0.028,/home/m810z573/Downloads/f1tenth_benchmarks/venv/lib/python3.9/site-packages/matplotlib/colorbar.py,519
45,_get_style_dict,1618,0.006,0.0,0.028,0.0,/home/m810z573/Downloads/f1tenth_benchmarks/venv/lib/python3.9/site-packages/matplotlib/backends/backend_svg.py,536
46,_auto_adjust_subplotpars,2,0.0,0.0,0.028,0.014,/home/m810z573/Downloads/f1tenth_benchmarks/venv/lib/python3.9/site-packages/matplotlib/tight_layout.py,19
50,__solver_fb_unclosed,1,0.0,0.0,0.027,0.027,/home/m810z573/Downloads/f1tenth_benchmarks/trajectory_planning_helpers/trajectory_planning_helpers/calc_vel_profile.py,218
51,__solver_fb_acc_profile,2,0.004,0.002,0.027,0.013,/home/m810z573/Downloads/f1tenth_benchmarks/trajectory_planning_helpers/trajectory_planning_helpers/calc_vel_profile.py,395
48,savetxt,2,0.018,0.009,0.027,0.013,/home/m810z573/Downloads/f1tenth_benchmarks/venv/lib/python3.9/site-packages/numpy/lib/npyio.py,1375
49,calc_vel_profile,1,0.0,0.0,0.027,0.027,/home/m810z573/Downloads/f1tenth_benchmarks/trajectory_planning_helpers/trajectory_planning_helpers/calc_vel_profile.py,6
53,start,1802,0.011,0.0,0.026,0.0,/home/m810z573/Downloads/f1tenth_benchmarks/venv/lib/python3.9/site-packages/matplotlib/backends/backend_svg.py,138
56,calc_ax_poss,1571,0.006,0.0,0.023,0.0,/home/m810z573/Downloads/f1tenth_benchmarks/trajectory_planning_helpers/trajectory_planning_helpers/calc_vel_profile.py,517
54,_to_rgba_no_colorcycle,1586,0.008,0.0,0.023,0.0,/home/m810z573/Downloads/f1tenth_benchmarks/venv/lib/python3.9/site-packages/matplotlib/colors.py,195
57,colorbar,1,0.0,0.0,0.021,0.021,/home/m810z573/Downloads/f1tenth_benchmarks/venv/lib/python3.9/site-packages/matplotlib/figure.py,1179
61,set_tick_params,39,0.0,0.0,0.019,0.0,/home/m810z573/Downloads/f1tenth_benchmarks/venv/lib/python3.9/site-packages/matplotlib/axis.py,850
62,__add__,4017,0.002,0.0,0.019,0.0,/home/m810z573/Downloads/f1tenth_benchmarks/venv/lib/python3.9/site-packages/matplotlib/transforms.py,1348
63,_update_ticks,30,0.001,0.0,0.018,0.001,/home/m810z573/Downloads/f1tenth_benchmarks/venv/lib/python3.9/site-packages/matplotlib/axis.py,1040
64,grid,26,0.0,0.0,0.017,0.001,/home/m810z573/Downloads/f1tenth_benchmarks/venv/lib/python3.9/site-packages/matplotlib/axis.py,1394
66,get_xaxis_transform,309/105,0.0,0.0,0.016,0.0,/home/m810z573/Downloads/f1tenth_benchmarks/venv/lib/python3.9/site-packages/matplotlib/axes/_base.py,840
68,get_yaxis_transform,372/140,0.0,0.0,0.016,0.0,/home/m810z573/Downloads/f1tenth_benchmarks/venv/lib/python3.9/site-packages/matplotlib/axes/_base.py,916
67,composite_transform_factory,4029,0.003,0.0,0.016,0.0,/home/m810z573/Downloads/f1tenth_benchmarks/venv/lib/python3.9/site-packages/matplotlib/transforms.py,2508
70,make_axes_gridspec,1,0.0,0.0,0.015,0.015,/home/m810z573/Downloads/f1tenth_benchmarks/venv/lib/python3.9/site-packages/matplotlib/colorbar.py,1509
73,set_default_locators_and_formatters,73,0.0,0.0,0.014,0.0,/home/m810z573/Downloads/f1tenth_benchmarks/venv/lib/python3.9/site-packages/matplotlib/scale.py,104
72,interp_splines,1,0.009,0.009,0.014,0.014,/home/m810z573/Downloads/f1tenth_benchmarks/trajectory_planning_helpers/trajectory_planning_helpers/interp_splines.py,6
74,save_raceline,1,0.0,0.0,0.014,0.014,/home/m810z573/Downloads/f1tenth_benchmarks/f1tenth_benchmarks/classic_racing/RaceTrackGenerator.py,99
75,to_hex,1632,0.002,0.0,0.014,0.0,/home/m810z573/Downloads/f1tenth_benchmarks/venv/lib/python3.9/site-packages/matplotlib/colors.py,389
76,_get_clip_attrs,1622,0.004,0.0,0.013,0.0,/home/m810z573/Downloads/f1tenth_benchmarks/venv/lib/python3.9/site-packages/matplotlib/backends/backend_svg.py,584
69,interp,3604,0.003,0.0,0.012,0.0,/home/m810z573/Downloads/f1tenth_benchmarks/venv/lib/python3.9/site-packages/numpy/lib/function_base.py,1457
81,stale,13472/11215,0.006,0.0,0.011,0.0,/home/m810z573/Downloads/f1tenth_benchmarks/venv/lib/python3.9/site-packages/matplotlib/artist.py,290
80,init_path,2,0.0,0.0,0.011,0.006,/home/m810z573/Downloads/f1tenth_benchmarks/f1tenth_benchmarks/utils/track_utils.py,14
79,_wrapreduction,2770,0.003,0.0,0.011,0.0,/home/m810z573/Downloads/f1tenth_benchmarks/venv/lib/python3.9/site-packages/numpy/core/fromnumeric.py,69
85,set_segments,3,0.001,0.0,0.01,0.003,/home/m810z573/Downloads/f1tenth_benchmarks/venv/lib/python3.9/site-packages/matplotlib/collections.py,1447
89,splev,6/2,0.009,0.002,0.009,0.005,/home/m810z573/Downloads/f1tenth_benchmarks/venv/lib/python3.9/site-packages/scipy/interpolate/_fitpack_impl.py,300
91,escape_cdata,12074,0.006,0.0,0.009,0.0,/home/m810z573/Downloads/f1tenth_benchmarks/venv/lib/python3.9/site-packages/matplotlib/backends/backend_svg.py,71
95,invalidate,4442,0.003,0.0,0.009,0.0,/home/m810z573/Downloads/f1tenth_benchmarks/venv/lib/python3.9/site-packages/matplotlib/transforms.py,170
102,set_children,3191,0.007,0.0,0.008,0.0,/home/m810z573/Downloads/f1tenth_benchmarks/venv/lib/python3.9/site-packages/matplotlib/transforms.py,207
100,bounds,1763/1761,0.007,0.0,0.008,0.0,/home/m810z573/Downloads/f1tenth_benchmarks/venv/lib/python3.9/site-packages/matplotlib/transforms.py,392
98,get_major_ticks,39,0.0,0.0,0.008,0.0,/home/m810z573/Downloads/f1tenth_benchmarks/venv/lib/python3.9/site-packages/matplotlib/axis.py,1368
86,sum,1629,0.001,0.0,0.008,0.0,/home/m810z573/Downloads/f1tenth_benchmarks/venv/lib/python3.9/site-packages/numpy/core/fromnumeric.py,2188
103,set_fontproperties,181,0.0,0.0,0.008,0.0,/home/m810z573/Downloads/f1tenth_benchmarks/venv/lib/python3.9/site-packages/matplotlib/text.py,1251
101,scale,1794,0.004,0.0,0.008,0.0,/home/m810z573/Downloads/f1tenth_benchmarks/venv/lib/python3.9/site-packages/matplotlib/transforms.py,2057
107,_get_tick_boxes_siblings,15,0.0,0.0,0.007,0.0,/home/m810z573/Downloads/f1tenth_benchmarks/venv/lib/python3.9/site-packages/matplotlib/axis.py,1860
104,normalize_kwargs,1335,0.004,0.0,0.007,0.0,/home/m810z573/Downloads/f1tenth_benchmarks/venv/lib/python3.9/site-packages/matplotlib/cbook/__init__.py,1653
105,_init_axis,3,0.0,0.0,0.007,0.002,/home/m810z573/Downloads/f1tenth_benchmarks/venv/lib/python3.9/site-packages/matplotlib/axes/_base.py,742
111,_quote_escape_attrib,5069,0.003,0.0,0.006,0.0,/home/m810z573/Downloads/f1tenth_benchmarks/venv/lib/python3.9/site-packages/matplotlib/backends/backend_svg.py,95
109,recache,101,0.001,0.0,0.006,0.0,/home/m810z573/Downloads/f1tenth_benchmarks/venv/lib/python3.9/site-packages/matplotlib/lines.py,649
121,get_bbox,282,0.0,0.0,0.006,0.0,/home/m810z573/Downloads/f1tenth_benchmarks/venv/lib/python3.9/site-packages/matplotlib/patches.py,848
120,_apply_params,73,0.001,0.0,0.006,0.0,/home/m810z573/Downloads/f1tenth_benchmarks/venv/lib/python3.9/site-packages/matplotlib/axis.py,349
119,_set_marker,399,0.001,0.0,0.006,0.0,/home/m810z573/Downloads/f1tenth_benchmarks/venv/lib/python3.9/site-packages/matplotlib/markers.py,295
116,from_extents,400,0.001,0.0,0.006,0.0,/home/m810z573/Downloads/f1tenth_benchmarks/venv/lib/python3.9/site-packages/matplotlib/transforms.py,822
115,_wrapfunc,2159,0.001,0.0,0.006,0.0,/home/m810z573/Downloads/f1tenth_benchmarks/venv/lib/python3.9/site-packages/numpy/core/fromnumeric.py,51
114,_update_title_position,9,0.0,0.0,0.006,0.001,/home/m810z573/Downloads/f1tenth_benchmarks/venv/lib/python3.9/site-packages/matplotlib/axes/_base.py,2960
112,_get_tick_bboxes,30,0.0,0.0,0.006,0.0,/home/m810z573/Downloads/f1tenth_benchmarks/venv/lib/python3.9/site-packages/matplotlib/axis.py,1083
122,calc_head_curv_num,2,0.001,0.001,0.006,0.003,/home/m810z573/Downloads/f1tenth_benchmarks/trajectory_planning_helpers/trajectory_planning_helpers/calc_head_curv_num.py,6
106,get_extent_offsets,14/9,0.0,0.0,0.006,0.001,/home/m810z573/Downloads/f1tenth_benchmarks/venv/lib/python3.9/site-packages/matplotlib/offsetbox.py,425
131,_get_layout,111,0.001,0.0,0.005,0.0,/home/m810z573/Downloads/f1tenth_benchmarks/venv/lib/python3.9/site-packages/matplotlib/text.py,290
128,rotate_deg_around,282,0.0,0.0,0.005,0.0,/home/m810z573/Downloads/f1tenth_benchmarks/venv/lib/python3.9/site-packages/matplotlib/transforms.py,2032
133,_is_nth_color,4392,0.002,0.0,0.005,0.0,/home/m810z573/Downloads/f1tenth_benchmarks/venv/lib/python3.9/site-packages/matplotlib/colors.py,106
134,_findoffset,5,0.0,0.0,0.005,0.001,/home/m810z573/Downloads/f1tenth_benchmarks/venv/lib/python3.9/site-packages/matplotlib/legend.py,585
135,pchanged,2940,0.001,0.0,0.005,0.0,/home/m810z573/Downloads/f1tenth_benchmarks/venv/lib/python3.9/site-packages/matplotlib/artist.py,405
130,vstack,4,0.0,0.0,0.005,0.001,/home/m810z573/Downloads/f1tenth_benchmarks/venv/lib/python3.9/site-packages/numpy/core/shape_base.py,223
129,generate_css,1641,0.002,0.0,0.005,0.0,/home/m810z573/Downloads/f1tenth_benchmarks/venv/lib/python3.9/site-packages/matplotlib/backends/backend_svg.py,268
136,_find_best_position,5,0.0,0.0,0.005,0.001,/home/m810z573/Downloads/f1tenth_benchmarks/venv/lib/python3.9/site-packages/matplotlib/legend.py,1004
137,check_shape,1787,0.003,0.0,0.005,0.0,/home/m810z573/Downloads/f1tenth_benchmarks/venv/lib/python3.9/site-packages/matplotlib/_api/__init__.py,132
139,_stale_axes_callback,1329,0.001,0.0,0.005,0.0,/home/m810z573/Downloads/f1tenth_benchmarks/venv/lib/python3.9/site-packages/matplotlib/artist.py,81
145,_draw_text_as_path,12,0.0,0.0,0.005,0.0,/home/m810z573/Downloads/f1tenth_benchmarks/venv/lib/python3.9/site-packages/matplotlib/backends/backend_svg.py,1017
140,union,44,0.0,0.0,0.005,0.0,/home/m810z573/Downloads/f1tenth_benchmarks/venv/lib/python3.9/site-packages/matplotlib/transforms.py,662
124,get_extents,39,0.0,0.0,0.005,0.0,/home/m810z573/Downloads/f1tenth_benchmarks/venv/lib/python3.9/site-packages/matplotlib/path.py,596
142,_setattr_cm,2740,0.003,0.0,0.005,0.0,/home/m810z573/Downloads/f1tenth_benchmarks/venv/lib/python3.9/site-packages/matplotlib/cbook/__init__.py,1976
149,normalize_psi,1580,0.004,0.0,0.004,0.0,/home/m810z573/Downloads/f1tenth_benchmarks/trajectory_planning_helpers/trajectory_planning_helpers/normalize_psi.py,6
153,draw_all,1,0.0,0.0,0.004,0.004,/home/m810z573/Downloads/f1tenth_benchmarks/venv/lib/python3.9/site-packages/matplotlib/colorbar.py,558
154,loadtxt,2,0.0,0.0,0.004,0.002,/home/m810z573/Downloads/f1tenth_benchmarks/venv/lib/python3.9/site-packages/numpy/lib/npyio.py,1081
155,_read,2,0.0,0.0,0.004,0.002,/home/m810z573/Downloads/f1tenth_benchmarks/venv/lib/python3.9/site-packages/numpy/lib/npyio.py,801
158,set_params,73,0.0,0.0,0.004,0.0,/home/m810z573/Downloads/f1tenth_benchmarks/venv/lib/python3.9/site-packages/matplotlib/ticker.py,2008
161,__instancecheck__,7660,0.002,0.0,0.004,0.0,/usr/lib/python3.9/abc.py,117
163,set_marker,146,0.0,0.0,0.004,0.0,/home/m810z573/Downloads/f1tenth_benchmarks/venv/lib/python3.9/site-packages/matplotlib/lines.py,1135
165,_from_any,182,0.0,0.0,0.004,0.0,/home/m810z573/Downloads/f1tenth_benchmarks/venv/lib/python3.9/site-packages/matplotlib/font_manager.py,687
147,translate,2185,0.002,0.0,0.004,0.0,/home/m810z573/Downloads/f1tenth_benchmarks/venv/lib/python3.9/site-packages/matplotlib/transforms.py,2044
157,short_float_fmt,1742,0.001,0.0,0.004,0.0,/home/m810z573/Downloads/f1tenth_benchmarks/venv/lib/python3.9/site-packages/matplotlib/backends/backend_svg.py,101
118,diff,894,0.004,0.0,0.004,0.0,/home/m810z573/Downloads/f1tenth_benchmarks/venv/lib/python3.9/site-packages/numpy/lib/function_base.py,1320
17,draw_path,26,0.0,0.0,0.004,0.0,/home/m810z573/Downloads/f1tenth_benchmarks/venv/lib/python3.9/site-packages/matplotlib/backends/backend_agg.py,133
32,plot,7,0.0,0.0,0.004,0.001,/home/m810z573/Downloads/f1tenth_benchmarks/venv/lib/python3.9/site-packages/matplotlib/axes/_axes.py,1388
174,_check_color_like,415,0.0,0.0,0.003,0.0,/home/m810z573/Downloads/f1tenth_benchmarks/venv/lib/python3.9/site-packages/matplotlib/colors.py,124
186,rotate,294,0.001,0.0,0.003,0.0,/home/m810z573/Downloads/f1tenth_benchmarks/venv/lib/python3.9/site-packages/matplotlib/transforms.py,1996
176,rotate_deg,294,0.0,0.0,0.003,0.0,/home/m810z573/Downloads/f1tenth_benchmarks/venv/lib/python3.9/site-packages/matplotlib/transforms.py,2012
177,add_collection,3,0.0,0.0,0.003,0.001,/home/m810z573/Downloads/f1tenth_benchmarks/venv/lib/python3.9/site-packages/matplotlib/axes/_base.py,2228
181,_update_values,1786,0.002,0.0,0.003,0.0,/home/m810z573/Downloads/f1tenth_benchmarks/venv/lib/python3.9/site-packages/matplotlib/path.py,191
182,findfont,154,0.001,0.0,0.003,0.0,/home/m810z573/Downloads/f1tenth_benchmarks/venv/lib/python3.9/site-packages/matplotlib/font_manager.py,1248
185,is_color_like,415,0.0,0.0,0.003,0.0,/home/m810z573/Downloads/f1tenth_benchmarks/venv/lib/python3.9/site-packages/matplotlib/colors.py,111
187,_wrapit,497,0.001,0.0,0.003,0.0,/home/m810z573/Downloads/f1tenth_benchmarks/venv/lib/python3.9/site-packages/numpy/core/fromnumeric.py,38
173,_recache,774,0.001,0.0,0.003,0.0,/home/m810z573/Downloads/f1tenth_benchmarks/venv/lib/python3.9/site-packages/matplotlib/markers.py,237
188,helper,1432,0.001,0.0,0.003,0.0,/usr/lib/python3.9/contextlib.py,261
190,viewLim,186/182,0.0,0.0,0.003,0.0,/home/m810z573/Downloads/f1tenth_benchmarks/venv/lib/python3.9/site-packages/matplotlib/axes/_base.py,780
191,get_minorticklocs,30,0.0,0.0,0.003,0.0,/home/m810z573/Downloads/f1tenth_benchmarks/venv/lib/python3.9/site-packages/matplotlib/axis.py,1279
192,_stale_figure_callback,928,0.0,0.0,0.003,0.0,/home/m810z573/Downloads/f1tenth_benchmarks/venv/lib/python3.9/site-packages/matplotlib/figure.py,46
193,eye,6,0.002,0.0,0.003,0.0,/home/m810z573/Downloads/f1tenth_benchmarks/venv/lib/python3.9/site-packages/numpy/lib/twodim_base.py,162
175,_unstale_viewLim,194/186,0.0,0.0,0.003,0.0,/home/m810z573/Downloads/f1tenth_benchmarks/venv/lib/python3.9/site-packages/matplotlib/axes/_base.py,766
196,_validate_steps,73,0.001,0.0,0.003,0.0,/home/m810z573/Downloads/f1tenth_benchmarks/venv/lib/python3.9/site-packages/matplotlib/ticker.py,1987
171,apply_aspect,15,0.0,0.0,0.003,0.0,/home/m810z573/Downloads/f1tenth_benchmarks/venv/lib/python3.9/site-packages/matplotlib/axes/_base.py,1852
169,process,2977,0.003,0.0,0.003,0.0,/home/m810z573/Downloads/f1tenth_benchmarks/venv/lib/python3.9/site-packages/matplotlib/cbook/__init__.py,276
146,argmax,1576,0.001,0.0,0.003,0.0,/home/m810z573/Downloads/f1tenth_benchmarks/venv/lib/python3.9/site-packages/numpy/core/fromnumeric.py,1153
172,_raw_ticks,12,0.0,0.0,0.003,0.0,/home/m810z573/Downloads/f1tenth_benchmarks/venv/lib/python3.9/site-packages/matplotlib/ticker.py,2053
84,_update_label_position,6,0.0,0.0,0.003,0.0,/home/m810z573/Downloads/f1tenth_benchmarks/venv/lib/python3.9/site-packages/matplotlib/axis.py,2073
249,_add_solids,1,0.0,0.0,0.002,0.002,/home/m810z573/Downloads/f1tenth_benchmarks/venv/lib/python3.9/site-packages/matplotlib/colorbar.py,610
247,_set_markercolor,687,0.001,0.0,0.002,0.0,/home/m810z573/Downloads/f1tenth_benchmarks/venv/lib/python3.9/site-packages/matplotlib/lines.py,1149
248,check_isinstance,740,0.001,0.0,0.002,0.0,/home/m810z573/Downloads/f1tenth_benchmarks/venv/lib/python3.9/site-packages/matplotlib/_api/__init__.py,65
240,tick_params,6,0.0,0.0,0.002,0.0,/home/m810z573/Downloads/f1tenth_benchmarks/venv/lib/python3.9/site-packages/matplotlib/axes/_base.py,3358
242,_bind_draw_path_function,64,0.0,0.0,0.002,0.0,/home/m810z573/Downloads/f1tenth_benchmarks/venv/lib/python3.9/site-packages/matplotlib/patches.py,554
239,update_scalarmappable,6,0.0,0.0,0.002,0.0,/home/m810z573/Downloads/f1tenth_benchmarks/venv/lib/python3.9/site-packages/matplotlib/collections.py,879
237,_init_legend_box,1,0.0,0.0,0.002,0.002,/home/m810z573/Downloads/f1tenth_benchmarks/venv/lib/python3.9/site-packages/matplotlib/legend.py,716
238,linear_spine,12,0.0,0.0,0.002,0.0,/home/m810z573/Downloads/f1tenth_benchmarks/venv/lib/python3.9/site-packages/matplotlib/spines.py,423
236,_gen_axes_spines,3,0.0,0.0,0.002,0.001,/home/m810z573/Downloads/f1tenth_benchmarks/venv/lib/python3.9/site-packages/matplotlib/axes/_base.py,1127
245,_from_parts,73,0.0,0.0,0.002,0.0,/usr/lib/python3.9/pathlib.py,702
231,from_bounds,102,0.0,0.0,0.002,0.0,/home/m810z573/Downloads/f1tenth_benchmarks/venv/lib/python3.9/site-packages/matplotlib/transforms.py,813
243,get_grid_positions,15/9,0.0,0.0,0.002,0.0,/home/m810z573/Downloads/f1tenth_benchmarks/venv/lib/python3.9/site-packages/matplotlib/gridspec.py,145
244,_get_xy_display,46,0.0,0.0,0.002,0.0,/home/m810z573/Downloads/f1tenth_benchmarks/venv/lib/python3.9/site-packages/matplotlib/text.py,211
241,getter,115,0.0,0.0,0.002,0.0,/home/m810z573/Downloads/f1tenth_benchmarks/venv/lib/python3.9/site-packages/matplotlib/axis.py,1985
258,_get_draw_artists,4,0.0,0.0,0.002,0.0,/home/m810z573/Downloads/f1tenth_benchmarks/venv/lib/python3.9/site-packages/matplotlib/figure.py,218
250,get_animated,13518,0.002,0.0,0.002,0.0,/home/m810z573/Downloads/f1tenth_benchmarks/venv/lib/python3.9/site-packages/matplotlib/artist.py,832
251,count_contains,25,0.0,0.0,0.002,0.0,/home/m810z573/Downloads/f1tenth_benchmarks/venv/lib/python3.9/site-packages/matplotlib/transforms.py,593
252,iterable,2422,0.001,0.0,0.002,0.0,/home/m810z573/Downloads/f1tenth_benchmarks/venv/lib/python3.9/site-packages/numpy/lib/function_base.py,346
253,inner,1,0.0,0.0,0.002,0.002,/home/m810z573/Downloads/f1tenth_benchmarks/venv/lib/python3.9/site-packages/matplotlib/__init__.py,1409
254,_auto_draw_if_interactive,957,0.0,0.0,0.002,0.0,/home/m810z573/Downloads/f1tenth_benchmarks/venv/lib/python3.9/site-packages/matplotlib/pyplot.py,833
255,pcolormesh,1,0.0,0.0,0.002,0.002,/home/m810z573/Downloads/f1tenth_benchmarks/venv/lib/python3.9/site-packages/matplotlib/axes/_axes.py,5868
256,_to_unmasked_float_array,2073,0.001,0.0,0.002,0.0,/home/m810z573/Downloads/f1tenth_benchmarks/venv/lib/python3.9/site-packages/matplotlib/cbook/__init__.py,1290
257,_get_layout_cache_key,111,0.0,0.0,0.002,0.0,/home/m810z573/Downloads/f1tenth_benchmarks/venv/lib/python3.9/site-packages/matplotlib/text.py,275
263,_parse_args,73,0.0,0.0,0.002,0.0,/usr/lib/python3.9/pathlib.py,682
228,get_path_collection_extents,1,0.0,0.0,0.002,0.002,/home/m810z573/Downloads/f1tenth_benchmarks/venv/lib/python3.9/site-packages/matplotlib/path.py,1042
262,new_gc,102,0.0,0.0,0.002,0.0,/home/m810z573/Downloads/f1tenth_benchmarks/venv/lib/python3.9/site-packages/matplotlib/backend_bases.py,658
261,set_subplotspec,4,0.0,0.0,0.002,0.0,/home/m810z573/Downloads/f1tenth_benchmarks/venv/lib/python3.9/site-packages/matplotlib/axes/_subplots.py,58
260,_set_dpi,212,0.0,0.0,0.002,0.0,/home/m810z573/Downloads/f1tenth_benchmarks/venv/lib/python3.9/site-packages/matplotlib/figure.py,2442
259,calc_t_profile,1,0.001,0.001,0.002,0.002,/home/m810z573/Downloads/f1tenth_benchmarks/trajectory_planning_helpers/trajectory_planning_helpers/calc_t_profile.py,6
230,intersection,16,0.0,0.0,0.002,0.0,/home/m810z573/Downloads/f1tenth_benchmarks/venv/lib/python3.9/site-packages/matplotlib/transforms.py,673
213,get_datalim,2,0.0,0.0,0.002,0.001,/home/m810z573/Downloads/f1tenth_benchmarks/venv/lib/python3.9/site-packages/matplotlib/collections.py,248
227,_update_glyph_map_defs,12,0.0,0.0,0.002,0.0,/home/m810z573/Downloads/f1tenth_benchmarks/venv/lib/python3.9/site-packages/matplotlib/backends/backend_svg.py,995
200,register_axis,12,0.0,0.0,0.002,0.0,/home/m810z573/Downloads/f1tenth_benchmarks/venv/lib/python3.9/site-packages/matplotlib/spines.py,206
226,draw_markers,9,0.0,0.0,0.002,0.0,/home/m810z573/Downloads/f1tenth_benchmarks/venv/lib/python3.9/site-packages/matplotlib/backends/backend_svg.py,672
23,__get__,3256,0.001,0.0,0.002,0.0,/usr/lib/python3.9/types.py,171
31,to_rgba,4,0.0,0.0,0.002,0.0,/home/m810z573/Downloads/f1tenth_benchmarks/venv/lib/python3.9/site-packages/matplotlib/cm.py,389
47,get_tightbbox,1,0.0,0.0,0.002,0.002,/home/m810z573/Downloads/f1tenth_benchmarks/venv/lib/python3.9/site-packages/matplotlib/legend.py,913
144,draw_text,12,0.0,0.0,0.002,0.0,/home/m810z573/Downloads/f1tenth_benchmarks/venv/lib/python3.9/site-packages/matplotlib/backends/backend_agg.py,224
152,iscomplexobj,3606,0.001,0.0,0.002,0.0,/home/m810z573/Downloads/f1tenth_benchmarks/venv/lib/python3.9/site-packages/numpy/lib/type_check.py,303
179,transform_affine,310/304,0.0,0.0,0.002,0.0,/home/m810z573/Downloads/f1tenth_benchmarks/venv/lib/python3.9/site-packages/matplotlib/transforms.py,1862
189,get_text_width_height_descent,18,0.0,0.0,0.002,0.0,/home/m810z573/Downloads/f1tenth_benchmarks/venv/lib/python3.9/site-packages/matplotlib/backends/backend_agg.py,251
195,amax,476,0.0,0.0,0.002,0.0,/home/m810z573/Downloads/f1tenth_benchmarks/venv/lib/python3.9/site-packages/numpy/core/fromnumeric.py,2703
198,match,1204,0.001,0.0,0.002,0.0,/usr/lib/python3.9/re.py,188
199,unit,273,0.0,0.0,0.002,0.0,/home/m810z573/Downloads/f1tenth_benchmarks/venv/lib/python3.9/site-packages/matplotlib/transforms.py,803
183,amin,473,0.0,0.0,0.002,0.0,/home/m810z573/Downloads/f1tenth_benchmarks/venv/lib/python3.9/site-packages/numpy/core/fromnumeric.py,2829
203,_cm_set,52,0.0,0.0,0.002,0.0,/home/m810z573/Downloads/f1tenth_benchmarks/venv/lib/python3.9/site-packages/matplotlib/artist.py,1166
210,get_tick_space,12,0.0,0.0,0.002,0.0,/home/m810z573/Downloads/f1tenth_benchmarks/venv/lib/python3.9/site-packages/matplotlib/axis.py,2522
225,xmin,149,0.0,0.0,0.002,0.0,/home/m810z573/Downloads/f1tenth_benchmarks/venv/lib/python3.9/site-packages/matplotlib/transforms.py,326
222,_get_data_path,73,0.0,0.0,0.002,0.0,/home/m810z573/Downloads/f1tenth_benchmarks/venv/lib/python3.9/site-packages/matplotlib/cbook/__init__.py,512
205,end,1802,0.002,0.0,0.002,0.0,/home/m810z573/Downloads/f1tenth_benchmarks/venv/lib/python3.9/site-packages/matplotlib/backends/backend_svg.py,195
215,add_line,7,0.0,0.0,0.002,0.0,/home/m810z573/Downloads/f1tenth_benchmarks/venv/lib/python3.9/site-packages/matplotlib/axes/_base.py,2279
221,check_in_list,3399,0.002,0.0,0.002,0.0,/home/m810z573/Downloads/f1tenth_benchmarks/venv/lib/python3.9/site-packages/matplotlib/_api/__init__.py,101
208,get_majorticklocs,34,0.0,0.0,0.002,0.0,/home/m810z573/Downloads/f1tenth_benchmarks/venv/lib/python3.9/site-packages/matplotlib/axis.py,1275
207,legend,1,0.0,0.0,0.002,0.002,/home/m810z573/Downloads/f1tenth_benchmarks/venv/lib/python3.9/site-packages/matplotlib/axes/_axes.py,186
369,_reset_locator_formatter_scale,1,0.0,0.0,0.001,0.001,/home/m810z573/Downloads/f1tenth_benchmarks/venv/lib/python3.9/site-packages/matplotlib/colorbar.py,1200
368,inverse,3,0.0,0.0,0.001,0.0,/home/m810z573/Downloads/f1tenth_benchmarks/venv/lib/python3.9/site-packages/matplotlib/colors.py,1260
367,_process_unit_info,28,0.0,0.0,0.001,0.0,/home/m810z573/Downloads/f1tenth_benchmarks/venv/lib/python3.9/site-packages/matplotlib/axes/_base.py,2487
356,should_simplify,6464,0.001,0.0,0.001,0.0,/home/m810z573/Downloads/f1tenth_benchmarks/venv/lib/python3.9/site-packages/matplotlib/path.py,245
366,intersect1d,16,0.0,0.0,0.001,0.0,/home/m810z573/Downloads/f1tenth_benchmarks/venv/lib/python3.9/site-packages/numpy/lib/arraysetops.py,373
371,legend_artist,3,0.0,0.0,0.001,0.0,/home/m810z573/Downloads/f1tenth_benchmarks/venv/lib/python3.9/site-packages/matplotlib/legend_handler.py,93
365,_process_values,2,0.0,0.0,0.001,0.0,/home/m810z573/Downloads/f1tenth_benchmarks/venv/lib/python3.9/site-packages/matplotlib/colorbar.py,1098
364,layout,44,0.0,0.0,0.001,0.0,/home/m810z573/Downloads/f1tenth_benchmarks/venv/lib/python3.9/site-packages/matplotlib/_text_helpers.py,38
363,set_verticalalignment,339,0.0,0.0,0.001,0.0,/home/m810z573/Downloads/f1tenth_benchmarks/venv/lib/python3.9/site-packages/matplotlib/text.py,1195
372,vertices,5270,0.001,0.0,0.001,0.0,/home/m810z573/Downloads/f1tenth_benchmarks/venv/lib/python3.9/site-packages/matplotlib/path.py,200
362,all,85,0.0,0.0,0.001,0.0,/home/m810z573/Downloads/f1tenth_benchmarks/venv/lib/python3.9/site-packages/numpy/core/fromnumeric.py,2432
361,_is_natively_supported,230,0.0,0.0,0.001,0.0,/home/m810z573/Downloads/f1tenth_benchmarks/venv/lib/python3.9/site-packages/matplotlib/units.py,56
360,_staircase,73,0.0,0.0,0.001,0.0,/home/m810z573/Downloads/f1tenth_benchmarks/venv/lib/python3.9/site-packages/matplotlib/ticker.py,2002
359,get_xlim,12/11,0.0,0.0,0.001,0.0,/home/m810z573/Downloads/f1tenth_benchmarks/venv/lib/python3.9/site-packages/matplotlib/axes/_base.py,3577
347,get_xaxis_text1_transform,33,0.0,0.0,0.001,0.0,/home/m810z573/Downloads/f1tenth_benchmarks/venv/lib/python3.9/site-packages/matplotlib/axes/_base.py,864
355,get_yaxis_text2_transform,40,0.0,0.0,0.001,0.0,/home/m810z573/Downloads/f1tenth_benchmarks/venv/lib/python3.9/site-packages/matplotlib/axes/_base.py,966
354,get_xbound,12/11,0.0,0.0,0.001,0.0,/home/m810z573/Downloads/f1tenth_benchmarks/venv/lib/python3.9/site-packages/matplotlib/axes/_base.py,3529
353,set_fontsize,158,0.0,0.0,0.001,0.0,/home/m810z573/Downloads/f1tenth_benchmarks/venv/lib/python3.9/site-packages/matplotlib/text.py,1052
352,draw_image,1,0.0,0.0,0.001,0.001,/home/m810z573/Downloads/f1tenth_benchmarks/venv/lib/python3.9/site-packages/matplotlib/backends/backend_svg.py,916
351,set_variant,461,0.0,0.0,0.001,0.0,/home/m810z573/Downloads/f1tenth_benchmarks/venv/lib/python3.9/site-packages/matplotlib/font_manager.py,817
350,transformed,27,0.0,0.0,0.001,0.0,/home/m810z573/Downloads/f1tenth_benchmarks/venv/lib/python3.9/site-packages/matplotlib/transforms.py,487
349,__array_finalize__,91,0.0,0.0,0.001,0.0,/home/m810z573/Downloads/f1tenth_benchmarks/venv/lib/python3.9/site-packages/numpy/ma/core.py,2966
348,_get_text2_transform,33,0.0,0.0,0.001,0.0,/home/m810z573/Downloads/f1tenth_benchmarks/venv/lib/python3.9/site-packages/matplotlib/axis.py,439
374,set_dash_capstyle,229,0.0,0.0,0.001,0.0,/home/m810z573/Downloads/f1tenth_benchmarks/venv/lib/python3.9/site-packages/matplotlib/lines.py,1339
346,_get_agg_font,30,0.0,0.0,0.001,0.0,/home/m810z573/Downloads/f1tenth_benchmarks/venv/lib/python3.9/site-packages/matplotlib/backends/backend_agg.py,299
345,set_major_formatter,74,0.0,0.0,0.001,0.0,/home/m810z573/Downloads/f1tenth_benchmarks/venv/lib/python3.9/site-packages/matplotlib/axis.py,1567
344,_copy_tick_props,7,0.0,0.0,0.001,0.0,/home/m810z573/Downloads/f1tenth_benchmarks/venv/lib/python3.9/site-packages/matplotlib/axis.py,1338
342,set_ylim,10,0.0,0.0,0.001,0.0,/home/m810z573/Downloads/f1tenth_benchmarks/venv/lib/python3.9/site-packages/matplotlib/axes/_base.py,3948
338,set_markerfacecolor,229,0.0,0.0,0.001,0.0,/home/m810z573/Downloads/f1tenth_benchmarks/venv/lib/python3.9/site-packages/matplotlib/lines.py,1173
373,set_zorder,169,0.0,0.0,0.001,0.0,/home/m810z573/Downloads/f1tenth_benchmarks/venv/lib/python3.9/site-packages/matplotlib/artist.py,1096
391,set_xdata,547,0.0,0.0,0.001,0.0,/home/m810z573/Downloads/f1tenth_benchmarks/venv/lib/python3.9/site-packages/matplotlib/lines.py,1222
377,set_ydata,730,0.0,0.0,0.001,0.0,/home/m810z573/Downloads/f1tenth_benchmarks/venv/lib/python3.9/site-packages/matplotlib/lines.py,1234
402,_scale_dashes,526,0.0,0.0,0.001,0.0,/home/m810z573/Downloads/f1tenth_benchmarks/venv/lib/python3.9/site-packages/matplotlib/lines.py,61
422,set_markeredgecolor,229,0.0,0.0,0.001,0.0,/home/m810z573/Downloads/f1tenth_benchmarks/venv/lib/python3.9/site-packages/matplotlib/lines.py,1163
421,_update_transScale,10,0.0,0.0,0.001,0.0,/home/m810z573/Downloads/f1tenth_benchmarks/venv/lib/python3.9/site-packages/matplotlib/axes/_base.py,992
420,set_rotation_mode,184,0.0,0.0,0.001,0.0,/home/m810z573/Downloads/f1tenth_benchmarks/venv/lib/python3.9/site-packages/matplotlib/text.py,241
419,_update_from,109,0.0,0.0,0.001,0.0,/home/m810z573/Downloads/f1tenth_benchmarks/venv/lib/python3.9/site-packages/numpy/ma/core.py,2940
417,safe_masked_invalid,5,0.0,0.0,0.001,0.0,/home/m810z573/Downloads/f1tenth_benchmarks/venv/lib/python3.9/site-packages/matplotlib/cbook/__init__.py,700
414,_any,25,0.0,0.0,0.001,0.0,/home/m810z573/Downloads/f1tenth_benchmarks/venv/lib/python3.9/site-packages/numpy/core/_methods.py,55
413,simplify_threshold,4864,0.001,0.0,0.001,0.0,/home/m810z573/Downloads/f1tenth_benchmarks/venv/lib/python3.9/site-packages/matplotlib/path.py,233
411,_do_extends,1,0.0,0.0,0.001,0.001,/home/m810z573/Downloads/f1tenth_benchmarks/venv/lib/python3.9/site-packages/matplotlib/colorbar.py,649
410,codes,5062,0.001,0.0,0.001,0.0,/home/m810z573/Downloads/f1tenth_benchmarks/venv/lib/python3.9/site-packages/matplotlib/path.py,214
406,_set_tickleft,40,0.0,0.0,0.001,0.0,/home/m810z573/Downloads/f1tenth_benchmarks/venv/lib/python3.9/site-packages/matplotlib/markers.py,682
405,set_drawstyle,229,0.0,0.0,0.001,0.0,/home/m810z573/Downloads/f1tenth_benchmarks/venv/lib/python3.9/site-packages/matplotlib/lines.py,1034
404,set_family,461,0.0,0.0,0.001,0.0,/home/m810z573/Downloads/f1tenth_benchmarks/venv/lib/python3.9/site-packages/matplotlib/font_manager.py,794
403,set_dashes,1626,0.001,0.0,0.001,0.0,/home/m810z573/Downloads/f1tenth_benchmarks/venv/lib/python3.9/site-packages/matplotlib/backend_bases.py,911
400,set_y,432,0.0,0.0,0.001,0.0,/home/m810z573/Downloads/f1tenth_benchmarks/venv/lib/python3.9/site-packages/matplotlib/text.py,1160
378,get_xaxis_text2_transform,33,0.0,0.0,0.001,0.0,/home/m810z573/Downloads/f1tenth_benchmarks/venv/lib/python3.9/site-packages/matplotlib/axes/_base.py,890
397,translated,54,0.0,0.0,0.001,0.0,/home/m810z573/Downloads/f1tenth_benchmarks/venv/lib/python3.9/site-packages/matplotlib/transforms.py,637
395,zeros_like,17,0.0,0.0,0.001,0.0,/home/m810z573/Downloads/f1tenth_benchmarks/venv/lib/python3.9/site-packages/numpy/core/numeric.py,77
393,set_horizontalalignment,340,0.0,0.0,0.001,0.0,/home/m810z573/Downloads/f1tenth_benchmarks/venv/lib/python3.9/site-packages/matplotlib/text.py,957
392,set_minor_locator,75,0.0,0.0,0.001,0.0,/home/m810z573/Downloads/f1tenth_benchmarks/venv/lib/python3.9/site-packages/matplotlib/axis.py,1649
335,_proportional_y,2,0.0,0.0,0.001,0.0,/home/m810z573/Downloads/f1tenth_benchmarks/venv/lib/python3.9/site-packages/matplotlib/colorbar.py,1263
389,update_units,36,0.0,0.0,0.001,0.0,/home/m810z573/Downloads/f1tenth_benchmarks/venv/lib/python3.9/site-packages/matplotlib/axis.py,1437
388,__flush,1822,0.001,0.0,0.001,0.0,/home/m810z573/Downloads/f1tenth_benchmarks/venv/lib/python3.9/site-packages/matplotlib/backends/backend_svg.py,125
387,get_converter,82/44,0.0,0.0,0.001,0.0,/home/m810z573/Downloads/f1tenth_benchmarks/venv/lib/python3.9/site-packages/matplotlib/units.py,181
386,_gen_axes_patch,6,0.0,0.0,0.001,0.0,/home/m810z573/Downloads/f1tenth_benchmarks/venv/lib/python3.9/site-packages/matplotlib/axes/_base.py,1110
384,set_x,309,0.0,0.0,0.001,0.0,/home/m810z573/Downloads/f1tenth_benchmarks/venv/lib/python3.9/site-packages/matplotlib/text.py,1149
382,_set_gc_clip,100,0.0,0.0,0.001,0.0,/home/m810z573/Downloads/f1tenth_benchmarks/venv/lib/python3.9/site-packages/matplotlib/artist.py,886
381,set_minor_formatter,73,0.0,0.0,0.001,0.0,/home/m810z573/Downloads/f1tenth_benchmarks/venv/lib/python3.9/site-packages/matplotlib/axis.py,1593
380,create_artists,3,0.0,0.0,0.001,0.0,/home/m810z573/Downloads/f1tenth_benchmarks/venv/lib/python3.9/site-packages/matplotlib/legend_handler.py,303
336,__sub__,13,0.0,0.0,0.001,0.0,/home/m810z573/Downloads/f1tenth_benchmarks/venv/lib/python3.9/site-packages/matplotlib/transforms.py,1426
323,_adjust_location,47,0.0,0.0,0.001,0.0,/home/m810z573/Downloads/f1tenth_benchmarks/venv/lib/python3.9/site-packages/matplotlib/spines.py,229
333,xmax,149,0.0,0.0,0.001,0.0,/home/m810z573/Downloads/f1tenth_benchmarks/venv/lib/python3.9/site-packages/matplotlib/transforms.py,336
274,set_visible,534,0.0,0.0,0.001,0.0,/home/m810z573/Downloads/f1tenth_benchmarks/venv/lib/python3.9/site-packages/matplotlib/artist.py,1001
292,_convert_units,288,0.0,0.0,0.001,0.0,/home/m810z573/Downloads/f1tenth_benchmarks/venv/lib/python3.9/site-packages/matplotlib/patches.py,745
290,any,107,0.0,0.0,0.001,0.0,/home/m810z573/Downloads/f1tenth_benchmarks/venv/lib/python3.9/site-packages/numpy/core/fromnumeric.py,2333
288,subplots_adjust,2,0.0,0.0,0.001,0.001,/home/m810z573/Downloads/f1tenth_benchmarks/venv/lib/python3.9/site-packages/matplotlib/figure.py,1217
286,get_unitless_position,211,0.0,0.0,0.001,0.0,/home/m810z573/Downloads/f1tenth_benchmarks/venv/lib/python3.9/site-packages/matplotlib/text.py,826
283,ymax,185,0.0,0.0,0.001,0.0,/home/m810z573/Downloads/f1tenth_benchmarks/venv/lib/python3.9/site-packages/matplotlib/transforms.py,341
282,broadcast_arrays,102,0.0,0.0,0.001,0.0,/home/m810z573/Downloads/f1tenth_benchmarks/venv/lib/python3.9/site-packages/numpy/lib/stride_tricks.py,480
281,convert_xunits,923,0.0,0.0,0.001,0.0,/home/m810z573/Downloads/f1tenth_benchmarks/venv/lib/python3.9/site-packages/matplotlib/artist.py,242
280,_get_font,51,0.0,0.0,0.001,0.0,/home/m810z573/Downloads/f1tenth_benchmarks/venv/lib/python3.9/site-packages/matplotlib/textpath.py,28
279,in1d,16,0.001,0.0,0.001,0.0,/home/m810z573/Downloads/f1tenth_benchmarks/venv/lib/python3.9/site-packages/numpy/lib/arraysetops.py,524
278,set_transform,232,0.0,0.0,0.001,0.0,/home/m810z573/Downloads/f1tenth_benchmarks/venv/lib/python3.9/site-packages/matplotlib/lines.py,713
277,set_weight,467,0.001,0.0,0.001,0.0,/home/m810z573/Downloads/f1tenth_benchmarks/venv/lib/python3.9/site-packages/matplotlib/font_manager.py,826
276,_set_position,22,0.0,0.0,0.001,0.0,/home/m810z573/Downloads/f1tenth_benchmarks/venv/lib/python3.9/site-packages/matplotlib/axes/_base.py,1056
275,_iter_collection_raw_paths,1576,0.001,0.0,0.001,0.0,/home/m810z573/Downloads/f1tenth_benchmarks/venv/lib/python3.9/site-packages/matplotlib/backend_bases.py,321
273,get_siblings,530,0.001,0.0,0.001,0.0,/home/m810z573/Downloads/f1tenth_benchmarks/venv/lib/python3.9/site-packages/matplotlib/cbook/__init__.py,872
332,array,46,0.0,0.0,0.001,0.0,/home/m810z573/Downloads/f1tenth_benchmarks/venv/lib/python3.9/site-packages/numpy/ma/core.py,6637
271,_set_formatter,147,0.0,0.0,0.001,0.0,/home/m810z573/Downloads/f1tenth_benchmarks/venv/lib/python3.9/site-packages/matplotlib/axis.py,1607
270,isin,16,0.0,0.0,0.001,0.0,/home/m810z573/Downloads/f1tenth_benchmarks/venv/lib/python3.9/site-packages/numpy/lib/arraysetops.py,766
269,_get_anchored_bbox,50,0.0,0.0,0.001,0.0,/home/m810z573/Downloads/f1tenth_benchmarks/venv/lib/python3.9/site-packages/matplotlib/offsetbox.py,1140
268,set_data,448,0.0,0.0,0.001,0.0,/home/m810z573/Downloads/f1tenth_benchmarks/venv/lib/python3.9/site-packages/matplotlib/lines.py,630
267,_plot_args,7,0.0,0.0,0.001,0.0,/home/m810z573/Downloads/f1tenth_benchmarks/venv/lib/python3.9/site-packages/matplotlib/axes/_base.py,406
266,format_ticks,60,0.0,0.0,0.001,0.0,/home/m810z573/Downloads/f1tenth_benchmarks/venv/lib/python3.9/site-packages/matplotlib/ticker.py,221
22,set_clip_path,100,0.0,0.0,0.001,0.0,/home/m810z573/Downloads/f1tenth_benchmarks/venv/lib/python3.9/site-packages/matplotlib/backend_bases.py,906
36,set_position,85,0.0,0.0,0.001,0.0,/home/m810z573/Downloads/f1tenth_benchmarks/venv/lib/python3.9/site-packages/matplotlib/text.py,1138
97,dot,2279,0.001,0.0,0.001,0.0,/home/m810z573/Downloads/f1tenth_benchmarks/venv/lib/python3.9/site-packages/numpy/core/multiarray.py,740
117,_invalidate_internal,909/611,0.001,0.0,0.001,0.0,/home/m810z573/Downloads/f1tenth_benchmarks/venv/lib/python3.9/site-packages/matplotlib/transforms.py,2380
168,load_track,1,0.0,0.0,0.001,0.001,/home/m810z573/Downloads/f1tenth_benchmarks/f1tenth_benchmarks/utils/track_utils.py,91
206,transform_path_affine,59,0.0,0.0,0.001,0.0,/home/m810z573/Downloads/f1tenth_benchmarks/venv/lib/python3.9/site-packages/matplotlib/transforms.py,1813
235,column_stack,131,0.0,0.0,0.001,0.0,/home/m810z573/Downloads/f1tenth_benchmarks/venv/lib/python3.9/site-packages/numpy/lib/shape_base.py,612
293,ymin,182,0.0,0.0,0.001,0.0,/home/m810z573/Downloads/f1tenth_benchmarks/venv/lib/python3.9/site-packages/matplotlib/transforms.py,331
294,get_glyphs_with_font,12,0.0,0.0,0.001,0.0,/home/m810z573/Downloads/f1tenth_benchmarks/venv/lib/python3.9/site-packages/matplotlib/textpath.py,141
296,open,4,0.0,0.0,0.001,0.0,/home/m810z573/Downloads/f1tenth_benchmarks/venv/lib/python3.9/site-packages/numpy/lib/_datasource.py,487
297,autoscale_view,3,0.0,0.0,0.001,0.0,/home/m810z573/Downloads/f1tenth_benchmarks/venv/lib/python3.9/site-packages/matplotlib/axes/_base.py,2806
331,_makeline,7,0.0,0.0,0.001,0.0,/home/m810z573/Downloads/f1tenth_benchmarks/venv/lib/python3.9/site-packages/matplotlib/axes/_base.py,347
330,set_major_locator,79,0.0,0.0,0.001,0.0,/home/m810z573/Downloads/f1tenth_benchmarks/venv/lib/python3.9/site-packages/matplotlib/axis.py,1633
329,handle_single_axis,6,0.0,0.0,0.001,0.0,/home/m810z573/Downloads/f1tenth_benchmarks/venv/lib/python3.9/site-packages/matplotlib/axes/_base.py,2872
328,_mesh,1,0.0,0.0,0.001,0.001,/home/m810z573/Downloads/f1tenth_benchmarks/venv/lib/python3.9/site-packages/matplotlib/colorbar.py,1151
327,_set_fillstyle,399,0.001,0.0,0.001,0.0,/home/m810z573/Downloads/f1tenth_benchmarks/venv/lib/python3.9/site-packages/matplotlib/markers.py,266
326,set_stretch,461,0.001,0.0,0.001,0.0,/home/m810z573/Downloads/f1tenth_benchmarks/venv/lib/python3.9/site-packages/matplotlib/font_manager.py,844
325,get_yaxis_text1_transform,40,0.0,0.0,0.001,0.0,/home/m810z573/Downloads/f1tenth_benchmarks/venv/lib/python3.9/site-packages/matplotlib/axes/_base.py,940
324,get_hatch_path,1644,0.001,0.0,0.001,0.0,/home/m810z573/Downloads/f1tenth_benchmarks/venv/lib/python3.9/site-packages/matplotlib/backend_bases.py,997
322,convert_yunits,932,0.0,0.0,0.001,0.0,/home/m810z573/Downloads/f1tenth_benchmarks/venv/lib/python3.9/site-packages/matplotlib/artist.py,254
320,_get_packed_offsets,54,0.0,0.0,0.001,0.0,/home/m810z573/Downloads/f1tenth_benchmarks/venv/lib/python3.9/site-packages/matplotlib/offsetbox.py,48
319,_get_text1_transform,33,0.0,0.0,0.001,0.0,/home/m810z573/Downloads/f1tenth_benchmarks/venv/lib/python3.9/site-packages/matplotlib/axis.py,436
318,set_style,461,0.001,0.0,0.001,0.0,/home/m810z573/Downloads/f1tenth_benchmarks/venv/lib/python3.9/site-packages/matplotlib/font_manager.py,807
317,convert_units,230,0.0,0.0,0.001,0.0,/home/m810z573/Downloads/f1tenth_benchmarks/venv/lib/python3.9/site-packages/matplotlib/axis.py,1495
316,_auto_legend_data,5,0.0,0.0,0.001,0.0,/home/m810z573/Downloads/f1tenth_benchmarks/venv/lib/python3.9/site-packages/matplotlib/legend.py,830
312,_set_format,12,0.0,0.0,0.001,0.0,/home/m810z573/Downloads/f1tenth_benchmarks/venv/lib/python3.9/site-packages/matplotlib/ticker.py,788
310,_compile,1206,0.001,0.0,0.001,0.0,/usr/lib/python3.9/re.py,289
309,is_interactive,957,0.0,0.0,0.001,0.0,/home/m810z573/Downloads/f1tenth_benchmarks/venv/lib/python3.9/site-packages/matplotlib/__init__.py,1180
308,anchored,65,0.0,0.0,0.001,0.0,/home/m810z573/Downloads/f1tenth_benchmarks/venv/lib/python3.9/site-packages/matplotlib/transforms.py,506
307,set_dpi,4,0.0,0.0,0.001,0.0,/home/m810z573/Downloads/f1tenth_benchmarks/venv/lib/python3.9/site-packages/matplotlib/figure.py,2759
306,get_data_ratio,10,0.0,0.0,0.001,0.0,/home/m810z573/Downloads/f1tenth_benchmarks/venv/lib/python3.9/site-packages/matplotlib/axes/_base.py,1838
305,parse_parts,73,0.001,0.0,0.001,0.0,/usr/lib/python3.9/pathlib.py,64
303,cumsum,92,0.0,0.0,0.001,0.0,/home/m810z573/Downloads/f1tenth_benchmarks/venv/lib/python3.9/site-packages/numpy/core/fromnumeric.py,2523
302,_update_line_limits,7,0.0,0.0,0.001,0.0,/home/m810z573/Downloads/f1tenth_benchmarks/venv/lib/python3.9/site-packages/matplotlib/axes/_base.py,2307
301,set_size,620,0.001,0.0,0.001,0.0,/home/m810z573/Downloads/f1tenth_benchmarks/venv/lib/python3.9/site-packages/matplotlib/font_manager.py,862
300,process_value,36,0.0,0.0,0.001,0.0,/home/m810z573/Downloads/f1tenth_benchmarks/venv/lib/python3.9/site-packages/matplotlib/colors.py,1180
299,splprep,2,0.0,0.0,0.001,0.001,/home/m810z573/Downloads/f1tenth_benchmarks/venv/lib/python3.9/site-packages/scipy/interpolate/_fitpack_impl.py,107
298,set_xlim,10,0.0,0.0,0.001,0.0,/home/m810z573/Downloads/f1tenth_benchmarks/venv/lib/python3.9/site-packages/matplotlib/axes/_base.py,3617
423,is_math_text,265,0.0,0.0,0.001,0.0,/home/m810z573/Downloads/f1tenth_benchmarks/venv/lib/python3.9/site-packages/matplotlib/cbook/__init__.py,1277
